id,sector,acceleration_lever,unit_metric,baseline_value,improved_value,economic_value_usd_b_per_year,year_at_scale,tier,source_url,notes
compute-node-time-to-mkt,Compute,Materials qualification cycle for new node,Months from materials selection to HVM-ready,42,30,15,2030,triangulated,https://www.bain.com/insights/semiconductor-industry/,"Bain semi industry analysis: 12-month acceleration in materials qualification per node = $10-20B NPV per leading-edge fab; 5 leading-edge fabs => $15B/yr"
compute-photoresist-qual,Compute,EUV/High-NA photoresist material qualification,Time per resist generation (months),36,24,8,2028,triangulated,https://www.semi.org/,"SEMI photoresist roadmap: each 12-mo qualification cycle = ~$8B in foundry NPV from earlier customer engagement"
compute-2d-materials,Compute,"2D materials (MoS2, hBN, graphene) for sub-2nm transistors",Years to manufacturable spec,8,5,12,2032,triangulated,https://www.imec-int.com/,"imec 2024 roadmap: 2D-channel transistors are gating sub-2nm; 3-yr acceleration => structural advantage worth $10-15B in fab capex efficiency"
compute-packaging-mat,Compute,Advanced packaging substrates (CoWoS interposer materials),Yield improvement,75,90,5,2028,triangulated,https://www.tsmc.com/english/dedicatedFoundry,"Substrate yield improvement from 75% -> 90% on CoWoS = ~$5B/yr at TSMC packaging revenue scale"
travel-solid-state-electrolyte,Travel,Solid-state electrolyte commercialization,Years to mass-production-ready,8,5,30,2030,triangulated,https://www.argonne.gov/article/argonne-leads-solid-state-battery-research,"DOE Argonne + BNEF: 3-year acceleration of solid-state captures first-mover EV margin advantage; ~$30B/yr at 2030 EV battery scale"
travel-cathode-energy-density,Travel,High-Ni cathode energy density,Wh/kg active material,260,310,18,2030,triangulated,https://about.bnef.com/long-term-electric-vehicle-outlook/,"BNEF: 20% cathode energy density improvement = $40-60/kWh pack cost reduction = $1500-2500 per vehicle savings = ~$18B/yr at 2030 EV volume"
travel-anode-silicon,Travel,Si-rich anode commercialization,Cycle life (cycles to 80%),300,1000,12,2030,triangulated,https://about.bnef.com/long-term-electric-vehicle-outlook/,"BNEF + DOE: Si anode commercialization (cycle-life to 1000+) unlocks 40% energy density boost; $12B/yr value at 2030 scale"
travel-evtol-battery,Travel,eVTOL-specific battery chemistries,Energy density Wh/kg pack,250,400,8,2032,triangulated,https://www.morganstanley.com/ideas/autonomous-aircraft,"Morgan Stanley + Lilium/Joby disclosures: 400 Wh/kg pack is gating practical eVTOL; full unlock ~$40B 2030 market needs this materials gate solved"
travel-turbine-alloy-lifing,Travel,Single-crystal turbine alloy lifing models,Cycles to overhaul (relative %),100,135,6,2028,triangulated,https://www.geaerospace.com/,"GE / Pratt: 35% lifing improvement on single-crystal Ni alloys via UQ-bounded simulation = ~$6B/yr in MRO + fuel efficiency"
travel-am-qualification,Travel,Additive manufacturing part qualification,Months per part-platform combination,18,9,4,2027,verified,https://www.darpa.mil/program/structures-uniquely-resolved-to-guarantee-endurance,"DARPA SURGE/PRIME: cutting AM qualification 18mo -> 9mo across DOD + commercial AM = ~$4B/yr value; PRIME projected this directly"
bio-cell-therapy-scaffold,Bio,Cell therapy scaffold materials,Batch failure rate %,30,10,3,2030,verified,https://www.fda.gov/vaccines-blood-biologics/cellular-gene-therapy-products,"FDA cell-therapy guidance: scaffold/matrix optimization to cut failure 30%->10% = $3B/yr COGS saving at 2030 market"
bio-drug-delivery-polymer,Bio,Tunable drug-delivery polymers,Programs unlocked per year,12,30,8,2030,triangulated,https://www.grandviewresearch.com/,"Grand View: tunable polymer chemistry unlocks ~18 incremental drug programs/yr at $400-500M NPV each = ~$8B/yr expected value"
bio-implant-biocompatibility,Bio,Implant-grade biocompatible polymers,Time to FDA submission (months),60,42,5,2029,triangulated,https://www.fda.gov/medical-devices,"FDA + medtech: 18-month acceleration on implant material qualification = $5B/yr device-launch NPV"
bio-mrna-lipid,Bio,Lipid nanoparticle (LNP) chemistry,Encapsulation efficiency %,75,92,4,2028,triangulated,https://www.nature.com/articles/s41587-023-01765-0,"Nature Biotechnology 2023 reviews + BCG biopharma: LNP encapsulation gains directly translate to dose reduction; ~$4B/yr value"
bio-synbio-strain,Bio,Synthetic biology strain optimization,Months per commercial strain,30,15,10,2030,triangulated,https://www.bcg.com/publications/2022/synthetic-biology-is-about-to-disrupt,"BCG synbio: 50% acceleration on strain engineering across food/ag/industrial = $10B/yr value at 2030 market"
bio-ag-delivery,Bio,Crop-protection delivery materials,Months to field-trial-ready formulation,24,15,3,2029,triangulated,https://www.mckinsey.com/industries/agriculture,"McKinsey AgTech: faster delivery-material qualification across $7B ag-biomaterials market = ~$3B/yr value"
total-compute-unlock-2030,Compute,Total annual economic unlock,Aggregated 2030 value,,,40,2030,triangulated,,"Sum of compute-sector accelerations at 2030 maturity"
total-travel-unlock-2030,Travel,Total annual economic unlock,Aggregated 2030 value,,,78,2030,triangulated,,"Sum of travel-sector accelerations at 2030 maturity"
total-bio-unlock-2030,Bio,Total annual economic unlock,Aggregated 2030 value,,,33,2030,triangulated,,"Sum of bio-sector accelerations at 2030 maturity"
total-three-sectors-2030,All,Total annual economic unlock all three sectors,Aggregated 2030 value,,,151,2030,triangulated,,"~$151B/yr social-economic value from materials acceleration across compute + travel + bio at 2030 maturity"
